[
    {
      "product_name": "Dune",
      "category": "Science Fiction",
      "price": 10.99
    },
    {
      "product_name": "Foundation",
      "category": "Science Fiction",
      "price": 12.49
    },
    {
      "product_name": "Neuromancer",
      "category": "Science Fiction",
      "price": 9.99
    },
    {
      "product_name": "1984",
      "category": "Science Fiction",
      "price": 8.99
    },
    {
      "product_name": "The Hitchhiker's Guide to the Galaxy",
      "category": "Science Fiction",
      "price": 7.99
    },
    {
      "product_name": "Brave New World",
      "category": "Science Fiction",
      "price": 11.99
    },
    {
      "product_name": "The Martian",
      "category": "Science Fiction",
      "price": 14.99
    },
    {
      "product_name": "Ready Player One",
      "category": "Science Fiction",
      "price": 10.99
    },
    {
      "product_name": "Starship Troopers",
      "category": "Science Fiction",
      "price": 8.49
    },
    {
      "product_name": "The War of the Worlds",
      "category": "Science Fiction",
      "price": 6.99
    },
    {
      "product_name": "Atomic Habits",
      "category": "Motivation",
      "price": 13.99
    },
    {
      "product_name": "The 7 Habits of Highly Effective People",
      "category": "Motivation",
      "price": 11.49
    },
    {
      "product_name": "Mindset: The New Psychology of Success",
      "category": "Motivation",
      "price": 9.99
    },
    {
      "product_name": "Think and Grow Rich",
      "category": "Motivation",
      "price": 8.99
    },
    {
      "product_name": "You Are a Badass",
      "category": "Motivation",
      "price": 12.99
    },
    {
      "product_name": "The Subtle Art of Not Giving a F*ck",
      "category": "Motivation",
      "price": 10.99
    },
    {
      "product_name": "Grit: The Power of Passion and Perseverance",
      "category": "Motivation",
      "price": 14.99
    },
    {
      "product_name": "The Power of Now",
      "category": "Motivation",
      "price": 11.99
    },
    {
      "product_name": "The 5 Second Rule",
      "category": "Motivation",
      "price": 9.49
    },
    {
      "product_name": "Born a Crime",
      "category": "Comedy",
      "price": 15.99
    },
    {
      "product_name": "Is Everyone Hanging Out Without Me?",
      "category": "Comedy",
      "price": 10.99
    },
    {
      "product_name": "Bossypants",
      "category": "Comedy",
      "price": 11.99
    },
    {
      "product_name": "Yes Please",
      "category": "Comedy",
      "price": 9.99
    },
    {
      "product_name": "Why Not Me?",
      "category": "Comedy",
      "price": 12.49
    },
    {
      "product_name": "Let's Pretend This Never Happened",
      "category": "Comedy",
      "price": 8.99
    },
    {
      "product_name": "I Can't Make This Up",
      "category": "Comedy",
      "price": 13.99
    },
    {
      "product_name": "Dear Girls",
      "category": "Comedy",
      "price": 14.99
    },
    {
      "product_name": "Calypso",
      "category": "Comedy",
      "price": 11.49
    },
    {
      "product_name": "The Big Over Easy",
      "category": "Comedy",
      "price": 7.99
    },
    {
      "product_name": "The Restaurant at the End of the Universe",
      "category": "Comedy",
      "price": 8.99
    },
    {
      "product_name": "Good Omens",
      "category": "Comedy",
      "price": 9.99
    },
    {
      "product_name": "Lamb: The Gospel According to Biff, Christ's Childhood Pal",
      "category": "Comedy",
      "price": 12.99
    },
    {
      "product_name": "The Ultimate Hitchhiker's Guide to the Galaxy",
      "category": "Comedy",
      "price": 14.99
    },
    {
      "product_name": "Bossypants",
      "category": "Comedy",
      "price": 11.99
    },
    {
      "product_name": "Let's Explore Diabetes with Owls",
      "category": "Comedy",
      "price": 10.99
    },
    {
      "product_name": "Where'd You Go, Bernadette",
      "category": "Comedy",
      "price": 9.99
    },
    {
      "product_name": "The Sellout",
      "category": "Comedy",
      "price": 13.99
    },
    {
      "product_name": "Hitchhiker's Guide to the Galaxy",
      "category": "Comedy",
      "price": 8.99
    },
    {
      "product_name": "The Princess Bride",
      "category": "Comedy",
      "price": 7.99
    },
    {
      "product_name": "Good Omens",
      "category": "Comedy",
      "price": 9.99
    },
    {
      "product_name": "The Importance of Being Earnest",
      "category": "Comedy",
      "price": 6.99
    },
    {
      "product_name": "Lamb: The Gospel According to Biff, Christ's Childhood Pal",
      "category": "Comedy",
      "price": 12.99
    },
    {
      "product_name": "Let's Explore Diabetes with Owls",
      "category": "Comedy",
      "price": 10.99
    },
    {
      "product_name": "Where'd You Go, Bernadette",
      "category": "Comedy",
      "price": 9.99
    }
  ]
  