[
    {
      "product_name": "Instant Pot Duo 6 Quart",
      "category": "Kitchen Appliances",
      "price": 99.99
    },
    {
      "product_name": "Cuisinart Chef's Classic Non-Stick Hard Anodized Cookware Set",
      "category": "Kitchen Appliances",
      "price": 199.99
    },
    {
      "product_name": "iRobot Roomba 675 Robot Vacuum",
      "category": "Home Appliances",
      "price": 299.99
    },
    {
      "product_name": "Ninja Professional 72 Oz Countertop Blender",
      "category": "Kitchen Appliances",
      "price": 89.99
    },
    {
      "product_name": "Keurig K-Classic Coffee Maker",
      "category": "Kitchen Appliances",
      "price": 79.99
    },
    {
      "product_name": "Breville Smart Oven Air Fryer",
      "category": "Kitchen Appliances",
      "price": 349.95
    },
    {
      "product_name": "Eufy RoboVac 11S Robot Vacuum",
      "category": "Home Appliances",
      "price": 219.99
    },
    {
      "product_name": "Hamilton Beach 10-Cup Food Processor",
      "category": "Kitchen Appliances",
      "price": 54.99
    },
    {
      "product_name": "KitchenAid Stand Mixer",
      "category": "Kitchen Appliances",
      "price": 349.99
    },
    {
      "product_name": "Dyson V11 Torque Drive Cordless Vacuum",
      "category": "Home Appliances",
      "price": 699.99
    },
    {
      "product_name": "NutriBullet Blender Combo",
      "category": "Kitchen Appliances",
      "price": 139.99
    },
    {
      "product_name": "Black+Decker 4-Slice Toaster Oven",
      "category": "Kitchen Appliances",
      "price": 39.99
    },
    {
      "product_name": "Instant Pot Air Fryer Lid",
      "category": "Kitchen Appliances",
      "price": 79.95
    },
    {
      "product_name": "Nespresso VertuoPlus Coffee and Espresso Machine",
      "category": "Kitchen Appliances",
      "price": 149.99
    },
    {
      "product_name": "Shark IQ Robot Self-Empty XL Vacuum",
      "category": "Home Appliances",
      "price": 549.99
    },
    {
      "product_name": "Crock-Pot 6-Quart Programmable Slow Cooker",
      "category": "Kitchen Appliances",
      "price": 49.99
    },
    {
      "product_name": "Keurig K-Mini Coffee Maker",
      "category": "Kitchen Appliances",
      "price": 79.99
    },
    {
      "product_name": "Hamilton Beach Electric Indoor Searing Grill",
      "category": "Kitchen Appliances",
      "price": 64.99
    },
    {
      "product_name": "Oster 6-Cup Rice Cooker",
      "category": "Kitchen Appliances",
      "price": 19.99
    },
    {
      "product_name": "Cuisinart 5-in-1 Griddler",
      "category": "Kitchen Appliances",
      "price": 79.95
    },
    {
      "product_name": "Ninja Foodi 9-in-1 Pressure Cooker",
      "category": "Kitchen Appliances",
      "price": 169.99
    },
    {
      "product_name": "Ecovacs Deebot N79S Robot Vacuum Cleaner",
      "category": "Home Appliances",
      "price": 229.99
    },
    {
      "product_name": "Chefman TurboFry Air Fryer",
      "category": "Kitchen Appliances",
      "price": 59.99
    },
    {
      "product_name": "OXO Good Grips Salad Spinner",
      "category": "Kitchen Appliances",
      "price": 29.95
    },
    {
      "product_name": "Cuisinart Automatic Frozen Yogurt, Ice Cream and Sorbet Maker",
      "category": "Kitchen Appliances",
      "price": 69.99
    },
    {
      "product_name": "Mr. Coffee 12-Cup Programmable Coffee Maker",
      "category": "Kitchen Appliances",
      "price": 29.99
    },
    {
      "product_name": "Cuisinart Grind & Brew Automatic Coffeemaker",
      "category": "Kitchen Appliances",
      "price": 99.99
    },
    {
      "product_name": "BLACK+DECKER Dustbuster Handheld Vacuum",
      "category": "Home Appliances",
      "price": 39.99
    },
    {
      "product_name": "Instant Pot Ultra 10-in-1 Electric Pressure Cooker",
      "category": "Kitchen Appliances",
      "price": 149.99
    },
    {
      "product_name": "KitchenAid Digital Countertop Oven",
      "category": "Kitchen Appliances",
      "price": 299.99
    },
    {
      "product_name": "Breville Juice Fountain Cold Plus",
      "category": "Kitchen Appliances",
      "price": 249.95
    },
    {
      "product_name": "Eureka PowerSpeed Bagless Upright Vacuum Cleaner",
      "category": "Home Appliances",
      "price": 89.99
    },
    {
      "product_name": "Cuisinart Electric Pressure Cooker",
      "category": "Kitchen Appliances",
      "price": 79.95
    },
    {
      "product_name": "Bissell CleanView Swivel Rewind Pet Vacuum Cleaner",
      "category": "Home Appliances",
      "price": 129.99
    },
    {
      "product_name": "Hamilton Beach Electric Kettle",
      "category": "Kitchen Appliances",
      "price": 24.99
    },
    {
      "product_name": "NutriBullet Pro 900 Watt Blender",
      "category": "Kitchen Appliances",
      "price": 79.99
    },
    {
      "product_name": "COSORI Air Fryer Max XL",
      "category": "Kitchen Appliances",
      "price": 119.99
    },
    {
      "product_name": "Breville Smart Air Fryer Oven",
      "category": "Kitchen Appliances",
      "price": 399.95
    },
    {
      "product_name": "BLACK+DECKER 12-Cup Thermal Coffee Maker",
      "category": "Kitchen Appliances",
      "price": 59.99
    },
    {
      "product_name": "Ninja Foodi Digital Air Fry Oven",
      "category": "Kitchen Appliances",
      "price": 199.99
    }
]  