[
    {
      "product_name": "Levi's 501 Original Fit Jeans",
      "category": "Jeans",
      "price": 3499
    },
    {
      "product_name": "Nike Air Force 1 Sneakers",
      "category": "Shoes",
      "price": 6999
    },
    {
      "product_name": "Adidas Originals Trefoil Hoodie",
      "category": "Hoodie",
      "price": 3999
    },
    {
      "product_name": "Ray-Ban Wayfarer Sunglasses",
      "category": "Accessories",
      "price": 6990
    },
    {
      "product_name": "Ralph Lauren Polo Shirt",
      "category": "Shirts",
      "price": 2999
    },
    {
      "product_name": "Tommy Hilfiger Leather Belt",
      "category": "Accessories",
      "price": 1999
    },
    {
      "product_name": "Calvin Klein Boxer Briefs (Pack of 3)",
      "category": "Underwear",
      "price": 1299
    },
    {
      "product_name": "Zara Slim Fit Suit",
      "category": "Suits",
      "price": 8999
    },
    {
      "product_name": "Puma Essentials Logo Tee",
      "category": "T-Shirts",
      "price": 1499
    },
    {
      "product_name": "H&M Skinny Fit Chinos",
      "category": "Pants",
      "price": 1999
    },
    {
      "product_name": "Converse Chuck Taylor All Star High Top Sneakers",
      "category": "Shoes",
      "price": 5499
    },
    {
      "product_name": "GAP Classic Denim Jacket",
      "category": "Jackets",
      "price": 4499
    },
    {
      "product_name": "Armani Exchange Crew Neck Sweater",
      "category": "Sweaters",
      "price": 5999
    },
    {
      "product_name": "Dockers Alpha Original Khaki Pants",
      "category": "Pants",
      "price": 2999
    },
    {
      "product_name": "Lacoste Classic Piqué Polo Shirt",
      "category": "Shirts",
      "price": 3799
    },
    {
      "product_name": "Timberland 6-Inch Premium Waterproof Boots",
      "category": "Shoes",
      "price": 12999
    },
    {
      "product_name": "Diesel Sleenker Skinny Jeans",
      "category": "Jeans",
      "price": 6999
    },
    {
      "product_name": "Under Armour Tech 2.0 Short Sleeve T-Shirt",
      "category": "T-Shirts",
      "price": 1999
    },
    {
      "product_name": "Hugo Boss Leather Wallet",
      "category": "Accessories",
      "price": 3999
    },
    {
      "product_name": "Versace Collection Medusa Belt",
      "category": "Accessories",
      "price": 6999
    },
    {
      "product_name": "Vans Old Skool Sneakers",
      "category": "Shoes",
      "price": 4499
    },
    {
      "product_name": "Fred Perry Twin Tipped Polo Shirt",
      "category": "Shirts",
      "price": 4299
    },
    {
      "product_name": "Boss Hugo Boss Regular Fit Dress Shirt",
      "category": "Shirts",
      "price": 5499
    },
    {
      "product_name": "Fossil Grant Chronograph Leather Watch",
      "category": "Accessories",
      "price": 8999
    },
    {
      "product_name": "Superdry Classic Puffer Jacket",
      "category": "Jackets",
      "price": 7999
    },
    {
      "product_name": "Reebok Classic Leather Sneakers",
      "category": "Shoes",
      "price": 5499
    },
    {
      "product_name": "Jack & Jones Liam Original Skinny Jeans",
      "category": "Jeans",
      "price": 2499
    },
    {
      "product_name": "ASOS DESIGN Slim Fit Suit",
      "category": "Suits",
      "price": 6999
    },
    {
      "product_name": "New Balance 574 Sneakers",
      "category": "Shoes",
      "price": 5999
    },
    {
      "product_name": "Levi's Trucker Denim Jacket",
      "category": "Jackets",
      "price": 4999
    },
    {
      "product_name": "Diesel T-Diego Logo T-Shirt",
      "category": "T-Shirts",
      "price": 2499
    },
    {
      "product_name": "Armani Exchange Low Top Sneakers",
      "category": "Shoes",
      "price": 7499
    },
    {
      "product_name": "Calvin Klein CK One Cotton Stretch Briefs (Pack of 3)",
      "category": "Underwear",
      "price": 1999
    },
    {
      "product_name": "Gucci Web Belt with G Buckle",
      "category": "Accessories",
      "price": 35990
    },
    {
      "product_name": "Tommy Jeans Logo Sweatshirt",
      "category": "Sweaters",
      "price": 4499
    },
    {
      "product_name": "H&M Skinny Fit Jeans",
      "category": "Jeans",
      "price": 1999
    },
    {
      "product_name": "Nike Sportswear Tech Fleece Jogger Pants",
      "category": "Pants",
      "price": 4999
    },
    {
      "product_name": "Polo Ralph Lauren Classic Fit Oxford Shirt",
      "category": "Shirts",
      "price": 6999
    },
    {
      "product_name": "Timex Weekender Chronograph Watch",
      "category": "Accessories",
      "price": 4999
    },
    {
      "product_name": "Adidas Originals Superstar Sneakers",
      "category": "Shoes",
      "price": 7999
    },
    {
      "product_name": "The North Face Nuptse Down Jacket",
      "category": "Jackets",
      "price": 15999
    },
    {
      "product_name": "Diesel Thommer Slim Fit Jeans",
      "category": "Jeans",
      "price": 7499
    },
    {
      "product_name": "Tommy Hilfiger Cotton Iconic Boxer Briefs (Pack of 3)",
      "category": "Underwear",
      "price": 1999
    }
]