[
  {
    "product_name": "iphone 13 Pro Max",
    "price": 129900
  },
  {
    "product_name": "Samsung Galaxy S21 Ultra",
    "price": 105999
  },
  {
    "product_name": "Google Pixel 6 Pro",
    "price": 79999
  },
  {
    "product_name": "OnePlus 9 Pro",
    "price": 64999
  },
  {
    "product_name": "Xiaomi Mi 11 Ultra",
    "price": 69999
  },
  {
    "product_name": "Oppo Find X3 Pro",
    "price": 74990
  },
  {
    "product_name": "Huawei Mate 40 Pro",
    "price": 89000
  },
  {
    "product_name": "Sony Xperia 1 III",
    "price": 69990
  },
  {
    "product_name": "Vivo X70 Pro+",
    "price": 79990
  },
  {
    "product_name": "Motorola Edge+",
    "price": 74999
  },
  {
    "product_name": "ASUS ROG product 5",
    "price": 49999
  },
  {
    "product_name": "LG Velvet",
    "price": 49990
  },
  {
    "product_name": "Realme GT",
    "price": 36999
  },
  {
    "product_name": "Nokia 9 PureView",
    "price": 49999
  },
  {
    "product_name": "BlackBerry Key2",
    "price": 42990
  },
  {
    "product_name": "HTC U12+",
    "price": 69999
  },
  {
    "product_name": "Lenovo Legion product Duel",
    "price": 49999
  },
  {
    "product_name": "ZTE Axon 30 Ultra",
    "price": 69999
  },
  {
    "product_name": "OnePlus Nord 2",
    "price": 29999
  },
  {
    "product_name": "Xiaomi Redmi Note 11 Pro",
    "price": 19999
  },
  {
    "product_name": "Samsung Galaxy Z Fold 3",
    "price": 149999
  },
  {
    "product_name": "iproduct 13",
    "price": 79900
  },
  {
    "product_name": "Google Pixel 5a",
    "price": 30999
  },
  {
    "product_name": "Vivo V21",
    "price": 29990
  },
  {
    "product_name": "Oppo Reno6 Pro+",
    "price": 39990
  },
  {
    "product_name": "Motorola Moto G Power (2021)",
    "price": 18999
  },
  {
    "product_name": "Sony Xperia 5 III",
    "price": 69990
  },
  {
    "product_name": "Huawei P40 Pro",
    "price": 64990
  },
  {
    "product_name": "Xiaomi Poco X3 NFC",
    "price": 16999
  },
  {
    "product_name": "ASUS Zenfone 8",
    "price": 49999
  },
  {
    "product_name": "LG Wing",
    "price": 69990
  },
  {
    "product_name": "Realme 8 Pro",
    "price": 17999
  },
  {
    "product_name": "Nokia X20",
    "price": 34999
  },
  {
    "product_name": "BlackBerry Evolve",
    "price": 29999
  },
  {
    "product_name": "HTC Desire 20+",
    "price": 19990
  },
  {
    "product_name": "Lenovo K12 Note",
    "price": 11499
  },
  {
    "product_name": "ZTE Blade V30",
    "price": 17999
  },
  {
    "product_name": "OnePlus 9",
    "price": 49999
  },
  {
    "product_name": "Samsung Galaxy A52",
    "price": 26499
  },
  {
    "product_name": "iproduct SE (2020)",
    "price": 39900
  },
  {
    "product_name": "Google Pixel 4a",
    "price": 31999
  },
  {
    "product_name": "Vivo Y20",
    "price": 13490
  },
  {
    "product_name": "Oppo A94",
    "price": 23990
  },
  {
    "product_name": "Motorola Moto E (2020)",
    "price": 7999
  },
  {
    "product_name": "Sony Xperia 10 III",
    "price": 51990
  },
  {
    "product_name": "Huawei Nova 7i",
    "price": 20990
  },
  {
    "product_name": "Xiaomi Redmi 9",
    "price": 9999
  },
  {
    "product_name": "ASUS Zenfone 7 Pro",
    "price": 49999
  },
  {
    "product_name": "LG K92 5G",
    "price": 34990
  },
  {
    "product_name": "Realme C25",
    "price": 9999
  }
]
