[
    {
      "product_name": "Samsung 55-inch 4K UHD Smart TV",
      "category": "TV",
      "price": 54999
    },
    {
      "product_name": "Sony 65-inch OLED 4K HDR Smart TV",
      "category": "TV",
      "price": 109999
    },
    {
      "product_name": "LG 50-inch 4K LED Smart TV",
      "category": "TV",
      "price": 39999
    },
    {
      "product_name": "Bose QuietComfort 35 II Wireless Headphones",
      "category": "Headphones",
      "price": 29990
    },
    {
      "product_name": "Sony WH-1000XM4 Wireless Noise Cancelling Headphones",
      "category": "Headphones",
      "price": 27990
    },
    {
      "product_name": "Apple AirPods Pro",
      "category": "Headphones",
      "price": 24990
    },
    {
      "product_name": "JBL Flip 5 Portable Waterproof Speaker",
      "category": "Speaker",
      "price": 8999
    },
    {
      "product_name": "UE Megaboom 3 Portable Bluetooth Speaker",
      "category": "Speaker",
      "price": 12999
    },
    {
      "product_name": "Bose SoundLink Revolve+ Portable Bluetooth Speaker",
      "category": "Speaker",
      "price": 24900
    },
    {
      "product_name": "Sony 43-inch Full HD Smart TV",
      "category": "TV",
      "price": 28999
    },
    {
      "product_name": "Samsung Galaxy Buds Pro True Wireless Earbuds",
      "category": "Headphones",
      "price": 14990
    },
    {
      "product_name": "LG XBOOM Go PL7 Portable Bluetooth Speaker",
      "category": "Speaker",
      "price": 11990
    },
    {
      "product_name": "Philips 32-inch HD Ready LED TV",
      "category": "TV",
      "price": 13999
    },
    {
      "product_name": "Sennheiser HD 450BT Wireless Headphones",
      "category": "Headphones",
      "price": 13990
    },
    {
      "product_name": "Bose SoundLink Color Bluetooth Speaker II",
      "category": "Speaker",
      "price": 10990
    },
    {
      "product_name": "Mi TV 4X 50-inch 4K HDR Smart TV",
      "category": "TV",
      "price": 34999
    },
    {
      "product_name": "Sony WF-1000XM4 True Wireless Earbuds",
      "category": "Headphones",
      "price": 24990
    },
    {
      "product_name": "JBL Charge 4 Portable Bluetooth Speaker",
      "category": "Speaker",
      "price": 12999
    },
    {
      "product_name": "OnePlus TV 55U1 55-inch 4K UHD Smart TV",
      "category": "TV",
      "price": 52999
    },
    {
      "product_name": "Bose Sport Earbuds True Wireless Headphones",
      "category": "Headphones",
      "price": 17990
    },
    {
      "product_name": "Ultimate Ears Wonderboom 2 Portable Speaker",
      "category": "Speaker",
      "price": 7999
    },
    {
      "product_name": "Samsung 32-inch HD Ready LED TV",
      "category": "TV",
      "price": 14999
    },
    {
      "product_name": "Apple AirPods 3rd Generation",
      "category": "Headphones",
      "price": 18990
    },
    {
      "product_name": "JBL Go 3 Portable Bluetooth Speaker",
      "category": "Speaker",
      "price": 3499
    },
    {
      "product_name": "LG 43-inch 4K UHD Smart TV",
      "category": "TV",
      "price": 31990
    },
    {
      "product_name": "Sony WF-C500 True Wireless Earbuds",
      "category": "Headphones",
      "price": 7990
    },
    {
      "product_name": "Harman Kardon Onyx Studio 6 Wireless Bluetooth Speaker",
      "category": "Speaker",
      "price": 14999
    },
    {
      "product_name": "OnePlus TV Y Series 32-inch HD Ready LED TV",
      "category": "TV",
      "price": 18999
    },
    {
      "product_name": "Sennheiser CX 400BT True Wireless Earbuds",
      "category": "Headphones",
      "price": 12990
    },
    {
      "product_name": "Sony SRS-XB23 Portable Bluetooth Speaker",
      "category": "Speaker",
      "price": 8990
    },
    {
      "product_name": "TCL 55-inch 4K UHD Smart LED TV",
      "category": "TV",
      "price": 41990
    },
    {
      "product_name": "Jabra Elite 75t True Wireless Earbuds",
      "category": "Headphones",
      "price": 9999
    },
    {
      "product_name": "Amazon Echo Dot (4th Gen) Smart Speaker",
      "category": "Speaker",
      "price": 4499
    },
    {
      "product_name": "Sony 75-inch 4K UHD Smart TV",
      "category": "TV",
      "price": 199999
    },
    {
      "product_name": "Bose SoundSport Free True Wireless Earbuds",
      "category": "Headphones",
      "price": 18990
    },
    {
      "product_name": "Ultimate Ears Boom 3 Portable Bluetooth Speaker",
      "category": "Speaker",
      "price": 12999
    },
    {
      "product_name": "Mi TV 4A PRO 43-inch Full HD Android LED TV",
      "category": "TV",
      "price": 24999
    },
    {
      "product_name": "Apple Beats Solo Pro Wireless Headphones",
      "category": "Headphones",
      "price": 26990
    },
    {
      "product_name": "Bose Home Speaker 300 with Alexa Built-in",
      "category": "Speaker",
      "price": 26900
    },
    {
      "product_name": "Samsung 32-inch Full HD LED TV",
      "category": "TV",
      "price": 17990
    },
    {
      "product_name": "JBL Live 650BTNC Wireless Over-Ear Headphones",
      "category": "Headphones",
      "price": 10999
    }
]