[
  {
    "product_name": "Cricket Bat",
    "price": 1799.99
  },
  {
    "product_name": "Cricket Ball (Pack of 6)",
    "price": 1499.99
  },
  {
    "product_name": "Cricket Gloves",
    "price": 2199.99
  },
  {
    "product_name": "Football",
    "price": 1499.99
  },
  {
    "product_name": "Football Cleats",
    "price": 3749.99
  },
  {
    "product_name": "Football Goal",
    "price": 3749.99
  },
  {
    "product_name": "Running Shoes",
    "price": 6399.99
  },
  {
    "product_name": "Running Shorts",
    "price": 1999.99
  },
  {
    "product_name": "Running Jacket",
    "price": 3199.99
  },
  {
    "product_name": "Running Hydration Pack",
    "price": 2399.99
  },
  {
    "product_name": "Cricket Helmet",
    "price": 3199.99
  },
  {
    "product_name": "Football Jersey",
    "price": 2399.99
  },
  {
    "product_name": "Football Shin Guards",
    "price": 1199.99
  },
  {
    "product_name": "Running Compression Socks",
    "price": 899.99
  },
  {
    "product_name": "Running GPS Watch",
    "price": 8999.99
  },
  {
    "product_name": "Cricket Wickets Set",
    "price": 4999.99
  },
  {
    "product_name": "Football Training Cones (Pack of 10)",
    "price": 1499.99
  },
  {
    "product_name": "Running Headband",
    "price": 799.99
  },
  {
    "product_name": "Cricket Batting Gloves",
    "price": 1799.99
  },
  {
    "product_name": "Football Training Bibs (Pack of 10)",
    "price": 2399.99
  },
  {
    "product_name": "Running Arm Band",
    "price": 1299.99
  },
  {
    "product_name": "Cricket Bat Grip",
    "price": 499.99
  },
  {
    "product_name": "Football Pump",
    "price": 799.99
  },
  {
    "product_name": "Running Water Bottle Belt",
    "price": 1999.99
  },
  {
    "product_name": "Cricket Stumps Set",
    "price": 3499.99
  },
  {
    "product_name": "Football Captain Armband",
    "price": 699.99
  },
  {
    "product_name": "Running Reflective Vest",
    "price": 1699.99
  },
  {
    "product_name": "Cricket Thigh Guard",
    "price": 1499.99
  },
  {
    "product_name": "Football Training Ladder",
    "price": 2999.99
  },
  {
    "product_name": "Running Phone Armband",
    "price": 999.99
  },
  {
    "product_name": "Cricket Kit Bag",
    "price": 4999.99
  },
  {
    "product_name": "Football Corner Flags (Set of 4)",
    "price": 1999.99
  }
]
