[
  {
    "product_name": "Building Blocks Set",
    "price": 14.99
  },
  {
    "product_name": "Dollhouse with Pool",
    "price": 179.99
  },
  {
    "product_name": "Toy Blaster",
    "price": 29.99
  },
  {
    "product_name": "Wooden Blocks Set",
    "price": 69.99
  },
  {
    "product_name": "Race Track Set",
    "price": 19.99
  },
  {
    "product_name": "Space Rocket Set",
    "price": 99.99
  },
  {
    "product_name": "Learning Chair",
    "price": 29.99
  },
  {
    "product_name": "Learning Walker",
    "price": 34.99
  },
  {
    "product_name": "Castle Playset",
    "price": 199.99
  },
  {
    "product_name": "Musical Toy",
    "price": 8.99
  },
  {
    "product_name": "Magnetic Tiles Set",
    "price": 119.99
  },
  {
    "product_name": "Surprise House",
    "price": 199.99
  },
  {
    "product_name": "Art Case",
    "price": 24.99
  },
  {
    "product_name": "Farm Playset",
    "price": 39.99
  },
  {
    "product_name": "Play-Doh 12-Pack",
    "price": 11.99
  },
  {
    "product_name": "Learning Words Book",
    "price": 17.99
  },
  {
    "product_name": "Standing Easel",
    "price": 79.99
  },
  {
    "product_name": "Toy Garage",
    "price": 99.99
  },
  {
    "product_name": "Learning Home",
    "price": 149.99
  },
  {
    "product_name": "Number Train",
    "price": 15.99
  },
  {
    "product_name": "Dump Truck",
    "price": 14.99
  },
  {
    "product_name": "Drawing Tablet",
    "price": 24.99
  },
  {
    "product_name": "Game Controller",
    "price": 9.99
  },
  {
    "product_name": "Lookout Tower Playset",
    "price": 99.99
  },
  {
    "product_name": "Toy Truck",
    "price": 19.99
  },
  {
    "product_name": "Learning Book",
    "price": 17.99
  },
  {
    "product_name": "Toy Blaster",
    "price": 14.99
  },
  {
    "product_name": "Princess Doll",
    "price": 9.99
  },
  {
    "product_name": "Jigsaw Puzzles Set",
    "price": 12.99
  },
  {
    "product_name": "Big Helpers Home",
    "price": 39.99
  },
  {
    "product_name": "Airport Set",
    "price": 24.99
  },
  {
    "product_name": "Color Flashlight",
    "price": 12.99
  },
  {
    "product_name": "Play Food Set",
    "price": 29.99
  },
  {
    "product_name": "Magic Piano",
    "price": 29.99
  },
  {
    "product_name": "Boat with Cars",
    "price": 24.99
  },
  {
    "product_name": "Sloth Toy",
    "price": 29.99
  },
  {
    "product_name": "Sports Center",
    "price": 39.99
  },
  {
    "product_name": "Alphabet Truck",
    "price": 19.99
  },
  {
    "product_name": "Housekeeping Playset",
    "price": 29.99
  },
  {
    "product_name": "Ice Cream Stand Set",
    "price": 19.99
  },
  {
    "product_name": "Piggy Bank",
    "price": 11.99  
  },
  {
    "product_name": "Tea Set",
    "price": 19.99
  },
  {
    "product_name": "Ice Cream Cart",
    "price": 39.99
  },
  {
    "product_name": "Rhymes Book",
    "price": 14.99
  },
  {
    "product_name": "Animals See 'n Say",
    "price": 14.99
  },
  {
    "product_name": "Fire Truck",
    "price": 24.99
  }
]
