[
    {
      "product_name": "High Rise Skinny Jeans",
      "category": "Jeans",
      "price": 1999
    },
    {
      "product_name": "Ripped Boyfriend Jeans",
      "category": "Jeans",
      "price": 2499
    },
    {
      "product_name": "Cropped Flare Jeans",
      "category": "Jeans",
      "price": 1799
    },
    {
      "product_name": "V-Neck Ribbed Tank Top",
      "category": "Tops",
      "price": 999
    },
    {
      "product_name": "Off Shoulder Blouse",
      "category": "Tops",
      "price": 1299
    },
    {
      "product_name": "Printed Graphic Tee",
      "category": "Tops",
      "price": 799
    },
    {
      "product_name": "Chain Strap Crossbody Bag",
      "category": "Bags",
      "price": 1499
    },
    {
      "product_name": "Structured Tote Bag",
      "category": "Bags",
      "price": 1999
    },
    {
      "product_name": "Canvas Backpack",
      "category": "Bags",
      "price": 1299
    },
    {
      "product_name": "Mom Jeans",
      "category": "Jeans",
      "price": 2199
    },
    {
      "product_name": "Cami Crop Top",
      "category": "Tops",
      "price": 899
    },
    {
      "product_name": "Longline Cardigan",
      "category": "Tops",
      "price": 1499
    },
    {
      "product_name": "Faux Leather Crossbody Bag",
      "category": "Bags",
      "price": 899
    },
    {
      "product_name": "Skinny Jeans",
      "category": "Jeans",
      "price": 1699
    },
    {
      "product_name": "Wrap Front Blouse",
      "category": "Tops",
      "price": 1199
    },
    {
      "product_name": "Denim Jacket",
      "category": "Tops",
      "price": 2999
    },
    {
      "product_name": "Quilted Chain Strap Bag",
      "category": "Bags",
      "price": 1799
    },
    {
      "product_name": "Wide Leg Jeans",
      "category": "Jeans",
      "price": 1899
    },
    {
      "product_name": "Button Down Shirt",
      "category": "Tops",
      "price": 1299
    },
    {
      "product_name": "Fringe Crossbody Bag",
      "category": "Bags",
      "price": 1599
    },
    {
      "product_name": "Flare Jeans",
      "category": "Jeans",
      "price": 1599
    },
    {
      "product_name": "Crop Top",
      "category": "Tops",
      "price": 799
    },
    {
      "product_name": "Striped Tote Bag",
      "category": "Bags",
      "price": 1099
    },
    {
      "product_name": "Distressed Skinny Jeans",
      "category": "Jeans",
      "price": 2199
    },
    {
      "product_name": "Peplum Top",
      "category": "Tops",
      "price": 1099
    },
    {
      "product_name": "Satchel Bag",
      "category": "Bags",
      "price": 1399
    },
    {
      "product_name": "Straight Leg Jeans",
      "category": "Jeans",
      "price": 1799
    },
    {
      "product_name": "Knit Sweater",
      "category": "Tops",
      "price": 1999
    },
    {
      "product_name": "Leather Shoulder Bag",
      "category": "Bags",
      "price": 2499
    },
    {
      "product_name": "High Waisted Jeans",
      "category": "Jeans",
      "price": 1499
    },
    {
      "product_name": "Printed Blouse",
      "category": "Tops",
      "price": 1299
    },
    {
      "product_name": "Bucket Bag",
      "category": "Bags",
      "price": 1699
    },
    {
      "product_name": "Bootcut Jeans",
      "category": "Jeans",
      "price": 1899
    },
    {
      "product_name": "Knit Cardigan",
      "category": "Tops",
      "price": 1499
    },
    {
      "product_name": "Crossbody Clutch",
      "category": "Bags",
      "price": 999
    },
    {
      "product_name": "High Rise Skinny Jeans",
      "category": "Jeans",
      "price": 1999
    },
    {
      "product_name": "V-Neck Ribbed Tank Top",
      "category": "Tops",
      "price": 999
    },
    {
      "product_name": "Chain Strap Crossbody Bag",
      "category": "Bags",
      "price": 1499
    },
    {
      "product_name": "Mom Jeans",
      "category": "Jeans",
      "price": 2199
    },
    {
      "product_name": "Cami Crop Top",
      "category": "Tops",
      "price": 899
    }
]  